icmp_seq,h1s1,h2s1,h1s2,h2s2,h1s3,h2s3,h1s4,h2s4,h2s5,h1s6,h2s6,h1s7,h2s7,h1s8,h2s8,h1s9,h2s9
1,33.8,35.3,26.0,28.4,18.5,23.5,5.88,7.70,5.01,11.1,17.3,20.7,18.3,26.8,25.7,32.7,27.0
2,33.8,35.6,27.5,28.4,18.7,21.4,6.06,8.82,5.38,8.86,17.4,20.4,20.2,25.2,27.1,31.3,28.5
3,31.5,36.1,27.6,28.3,18.4,18.6,6.01,7.70,5.91,10.5,19.2,22.3,20.2,30.8,29.2,33.8,30.3
4,33.5,36.9,27.7,31.9,18.5,25.3,5.95,6.61,4.63,10.6,16.2,21.1,19.2,29.2,26.2,30.6,27.3
5,37.7,39.4,31.3,35.0,23.2,21.4,7.35,8.62,6.05,8.94,16.2,20.5,19.2,23.8,22.9,30.3,26.3
6,34.8,39.7,28.8,32.7,20.9,22.4,7.00,7.05,4.99,10.9,18.3,22.5,19.8,30.0,25.5,32.0,26.6
7,31.0,38.5,27.1,32.0,21.3,23.6,7.46,6.63,5.40,13.0,17.9,23.0,19.4,31.4,26.4,37.5,26.8
8,34.9,42.0,29.8,37.7,22.5,29.7,7.83,12.7,5.74,17.2,22.0,23.1,21.0,28.8,24.5,36.2,30.0
9,31.7,42.6,27.5,37.7,19.1,28.5,7.41,10.6,4.73,17.0,18.5,25.3,23.0,35.0,28.2,41.2,29.2
10,38.0,43.1,31.5,36.9,21.4,27.3,7.78,11.5,6.51,9.72,16.9,22.2,21.8,25.1,25.4,32.3,29.4
11,36.4,44.8,32.2,38.9,24.2,29.4,7.80,11.2,6.17,11.5,18.9,25.8,23.6,37.8,26.1,44.7,32.8
12,31.7,41.6,28.5,37.6,20.1,27.7,8.31,7.76,7.26,17.0,19.8,24.9,21.7,33.5,28.1,38.5,31.2
13,33.7,41.4,25.1,37.2,16.2,25.2,6.59,12.0,7.56,13.8,22.0,20.4,21.6,27.7,29.2,32.1,31.9
14,34.6,40.9,31.3,36.0,17.8,29.2,7.28,12.5,7.59,13.4,23.9,24.1,23.1,27.4,33.1,34.1,32.4
15,34.6,42.2,30.3,36.3,21.5,29.6,7.72,11.6,8.59,13.6,22.5,22.2,22.5,28.5,31.7,36.7,30.5
16,34.6,42.5,31.9,39.4,18.9,28.0,7.45,11.2,6.19,13.5,16.3,22.2,20.6,24.5,23.9,35.2,28.8
17,34.3,42.5,29.0,36.5,17.8,25.5,7.24,12.6,7.86,15.7,23.7,24.9,23.1,29.0,31.2,39.7,29.7
18,38.1,38.1,28.7,33.4,22.3,23.6,7.03,8.68,6.72,7.84,16.4,19.9,17.3,21.6,24.9,28.3,25.8
19,33.5,40.8,28.9,34.6,16.1,24.5,6.29,10.2,8.13,14.0,21.2,20.1,20.8,25.0,25.3,32.7,26.4
20,32.7,39.6,28.8,34.7,20.8,22.8,7.48,10.8,9.92,10.0,22.7,21.3,20.7,29.0,25.0,33.5,25.6
21,32.6,39.0,30.8,33.1,21.8,21.2,6.59,11.7,5.62,9.89,19.5,19.5,18.7,24.8,24.9,34.3,25.3
22,32.6,41.9,29.3,35.4,20.3,28.2,6.31,10.1,8.50,10.2,22.4,20.1,21.7,26.8,26.2,32.4,27.3
23,36.3,43.1,32.8,40.1,22.1,28.3,7.70,15.2,7.95,14.2,23.3,25.8,23.7,29.7,29.9,39.1,30.7
24,34.2,45.4,31.7,40.7,20.0,29.3,7.31,10.5,8.02,11.4,20.2,23.9,21.7,31.5,23.6,35.8,28.0
25,34.2,44.4,27.8,39.8,17.5,26.9,7.00,12.2,5.63,15.9,17.2,23.3,21.8,32.3,25.8,39.2,27.0
26,35.5,42.3,31.0,38.3,21.5,27.5,6.94,10.4,8.02,9.49,19.3,23.3,20.4,28.3,29.6,32.9,29.8
27,35.8,42.6,31.7,36.6,21.0,28.5,6.92,11.6,6.52,11.8,20.6,23.4,20.0,31.9,29.3,34.7,28.5
28,38.2,45.8,32.5,39.9,21.9,30.6,7.35,14.1,7.68,13.1,17.7,25.1,21.3,31.4,23.1,42.1,26.1
29,34.6,43.5,31.2,39.7,17.6,31.9,7.08,10.5,5.48,12.9,16.9,23.5,20.4,34.2,28.1,38.7,30.9
30,36.8,44.3,32.4,39.7,23.7,29.7,7.54,11.0,6.37,9.94,19.6,24.8,20.8,33.8,32.7,34.9,33.0
31,36.0,43.6,32.2,39.1,20.3,29.0,7.52,12.4,5.44,11.4,20.0,24.0,20.1,30.5,28.8,36.9,31.6
32,36.9,43.3,32.9,40.4,22.7,31.3,7.14,14.1,7.30,14.2,18.5,25.6,21.5,32.6,29.2,42.5,32.4
33,35.6,44.5,32.7,40.3,20.3,30.4,7.07,14.6,6.90,12.5,17.2,24.6,20.2,29.1,28.1,36.2,30.8
34,36.1,43.0,32.9,40.2,20.9,30.8,7.13,15.2,7.02,11.8,21.2,24.7,21.4,31.5,29.0,36.1,31.8
35,37.6,44.3,33.9,41.2,21.2,30.3,7.96,14.5,7.78,12.6,18.9,24.8,22.6,32.9,27.7,44.2,30.0
36,38.0,42.5,32.6,39.5,21.3,27.4,7.66,15.1,7.05,9.62,20.5,23.7,20.5,25.0,28.9,33.3,30.2
37,36.2,42.6,32.5,39.8,26.3,26.9,8.93,13.1,7.09,8.82,20.9,23.0,20.4,31.9,30.1,39.9,32.7
38,36.5,42.9,30.3,39.9,17.8,27.7,6.80,15.3,8.35,15.1,20.8,23.9,21.9,28.0,31.9,37.9,30.6
39,33.1,42.6,27.1,39.7,16.6,29.6,7.59,11.2,4.76,16.7,14.8,22.7,20.3,31.0,23.8,40.6,29.1
40,36.6,43.4,29.6,40.4,16.6,28.7,7.00,13.3,6.43,14.8,20.2,23.2,21.4,32.2,27.5,39.7,29.9
41,32.7,42.2,25.9,38.6,14.0,27.2,7.31,9.11,4.80,15.4,12.9,20.2,19.7,30.9,25.9,38.4,30.8
42,36.0,43.7,29.6,40.1,16.8,27.3,8.00,13.7,8.74,14.3,20.9,23.0,23.0,28.3,29.3,38.0,29.3
43,40.0,46.8,35.5,43.9,27.0,32.8,7.93,15.1,7.13,16.1,18.9,27.2,22.7,37.1,23.6,42.9,26.2
44,36.9,43.1,31.9,40.1,20.5,28.2,7.96,14.4,5.98,18.2,15.2,25.9,21.1,36.1,24.2,44.2,30.0
45,39.0,44.2,31.8,40.5,20.6,31.2,8.58,15.7,8.30,17.8,20.1,27.1,22.6,33.8,28.5,46.2,31.4
46,33.9,45.6,26.7,41.0,18.3,30.8,8.20,17.8,8.28,23.4,20.0,25.7,21.7,33.0,28.6,37.0,27.8
47,37.5,44.7,32.2,41.6,20.6,31.5,8.98,14.8,5.99,17.1,17.6,25.6,21.5,36.9,28.1,40.4,27.7
48,37.0,43.3,31.8,39.6,23.6,28.3,8.29,14.5,6.45,14.7,16.1,24.6,20.1,30.7,29.5,39.1,30.5
49,38.2,45.6,33.2,41.3,22.8,32.7,9.28,14.9,6.65,15.1,16.9,25.7,21.8,35.4,27.1,41.0,29.2
50,37.7,45.4,28.1,41.3,20.3,32.4,8.68,13.8,6.00,17.0,16.1,25.0,21.2,35.2,26.9,42.2,29.5
51,36.3,43.6,27.1,41.1,24.0,32.0,8.83,13.3,6.49,18.4,17.2,25.2,22.2,36.2,28.7,42.2,31.0
52,37.0,43.1,32.9,41.4,22.1,30.3,8.42,13.0,5.75,13.5,17.0,24.6,20.9,31.9,25.8,38.4,29.0
53,36.9,42.0,27.3,39.0,20.7,25.2,7.97,12.9,5.84,16.4,19.9,22.8,26.0,32.2,32.8,40.0,32.6
54,37.8,45.6,33.5,41.3,22.6,30.2,8.88,13.2,6.52,13.1,16.5,27.1,21.6,35.7,28.2,42.2,29.9
55,37.6,44.9,33.3,41.0,24.9,30.0,9.15,14.7,5.40,17.3,13.0,24.9,22.6,36.7,25.9,48.9,29.3
56,36.6,45.3,32.7,42.2,23.5,29.2,8.66,11.1,6.16,15.2,14.7,24.4,21.6,41.6,24.0,47.4,30.2
57,36.6,44.3,32.4,42.1,23.5,31.2,8.53,13.8,6.87,15.5,20.7,25.1,21.6,33.5,29.3,40.3,30.2
58,35.8,45.1,31.8,41.6,20.7,30.6,7.96,11.9,6.09,12.3,18.5,25.1,21.3,37.3,31.9,43.5,34.9
59,35.5,43.4,29.1,41.2,21.8,28.2,9.03,12.2,6.06,17.2,17.1,26.0,21.5,38.2,29.5,46.3,31.7
60,35.8,43.7,32.9,41.7,22.4,28.4,8.75,12.2,6.93,15.4,17.4,26.0,23.8,37.8,31.9,46.6,33.9
61,35.1,43.3,27.6,41.2,23.3,32.5,9.39,13.1,6.59,17.2,17.0,26.0,21.3,34.3,29.1,38.9,31.9
62,41.0,44.8,32.2,42.8,25.9,30.3,8.90,12.5,7.34,11.7,15.4,26.8,21.5,38.4,29.2,43.4,31.6
63,35.9,45.2,29.7,43.0,21.6,30.7,8.40,11.5,6.02,17.1,11.9,26.1,20.6,40.4,27.5,47.7,30.7
64,40.7,44.2,31.5,42.0,24.6,31.0,9.14,13.6,8.47,10.2,17.5,23.1,20.9,34.2,28.8,37.2,29.5
65,36.6,45.0,31.5,41.0,27.7,34.0,15.1,14.9,6.44,19.3,16.2,27.9,20.8,35.7,29.0,43.1,29.7
66,39.8,43.5,32.4,41.6,24.2,32.6,9.81,10.8,7.31,10.7,13.1,24.9,19.3,37.6,27.6,36.8,29.7
67,39.5,42.8,31.4,40.9,23.2,28.8,9.17,13.3,7.04,11.3,15.0,23.2,20.7,34.8,29.0,38.0,28.8
68,39.3,43.0,30.2,40.1,23.2,27.0,9.72,11.3,6.14,12.4,15.1,23.2,24.1,41.2,32.1,40.4,31.8
69,39.6,43.5,32.8,40.2,23.8,29.8,9.52,12.5,6.61,12.6,14.0,24.6,20.7,38.6,28.9,36.6,28.5
70,36.5,41.4,28.9,38.8,21.9,21.6,8.44,14.2,5.82,10.0,16.5,21.9,25.7,36.5,30.2,40.6,30.2
71,39.1,43.9,34.1,42.6,23.8,28.5,10.5,12.6,6.24,10.1,13.9,23.7,21.5,37.3,29.9,36.0,28.7
72,36.8,43.7,32.8,42.0,24.2,28.6,9.62,11.8,6.22,11.7,14.1,23.3,23.3,39.3,32.7,39.3,31.1
73,38.5,42.7,33.8,38.9,26.6,27.9,9.68,13.4,7.16,8.69,15.0,24.3,27.2,37.4,31.2,37.9,30.4
74,39.3,42.7,32.5,42.5,23.4,26.7,9.87,15.0,7.52,11.3,15.7,24.0,20.0,37.7,32.4,37.6,30.3
75,39.7,42.9,33.8,43.0,21.2,27.8,10.0,14.4,6.86,12.8,16.6,24.8,24.4,37.8,32.7,36.1,31.2
76,39.8,44.1,33.9,42.8,24.2,29.0,9.56,12.2,7.43,11.5,12.1,24.9,22.8,40.2,30.6,40.8,30.5
77,38.5,44.7,41.3,43.7,24.9,32.4,10.2,17.0,10.1,11.6,21.5,23.6,21.0,31.4,31.1,34.7,30.5
78,39.2,43.2,32.2,40.1,22.7,28.4,9.10,13.9,6.65,14.9,15.9,25.0,25.3,40.5,33.3,40.2,33.3
79,37.8,43.9,30.9,43.3,20.6,28.2,10.0,12.7,6.18,13.4,14.3,23.9,21.7,40.0,31.7,38.7,31.0
80,41.6,43.9,36.8,40.8,28.4,32.6,10.3,18.7,7.43,8.73,18.9,24.4,20.6,34.4,31.8,34.4,32.6
81,37.4,41.9,31.6,37.3,21.0,22.7,9.11,10.1,4.84,8.21,14.0,21.6,17.8,32.2,26.0,34.6,26.7
82,35.8,40.4,29.9,38.0,19.2,22.2,9.77,11.6,6.75,8.15,18.6,21.8,18.7,30.6,25.1,32.5,27.4
83,37.2,36.5,34.0,35.2,21.0,21.7,9.28,12.1,6.43,7.47,20.1,19.5,22.1,31.5,29.2,34.3,29.4
84,35.1,999,31.1,999,20.0,999,8.91,15.4,9.35,8.22,16.2,20.6,19.2,28.2,27.9,32.3,26.8
85,999,999,999,999,999,999,8.96,14.3,7.46,7.59,14.8,14.7,16.3,30.4,25.4,34.5,26.2
86,999,999,999,999,999,999,12.4,16.8,7.38,8.34,19.7,14.1,18.4,26.5,26.8,33.6,26.5
87,999,999,999,999,999,999,350,313,167,337,308,366,331,371,339,378,343
88,237,221,219,197,189,164,187,164,124,181,163,192,158,193,162,200,166
89,92.1,66.2,80.3,66.7,62.0,48.1,50.8,50.2,25.3,50.7,50.2,55.7,44.5,61.1,49.2,68.6,52.4
90,42.9,42.6,28.5,41.2,26.2,26.0,6.37,24.5,10.9,17.4,26.4,28.0,30.6,33.1,33.7,42.7,38.7
91,56.5,43.9,29.2,43.7,31.4,29.2,7.42,26.5,12.9,17.2,29.8,29.7,31.9,35.4,35.0,45.8,38.8
92,47.4,39.8,31.2,41.9,22.1,27.3,6.40,24.4,11.6,16.9,27.0,30.6,24.1,34.6,31.3,43.7,33.6
93,55.9,41.9,31.4,44.7,26.5,30.1,7.04,29.7,13.1,19.6,30.0,29.0,26.1,35.4,33.0,39.0,35.7
94,44.7,39.0,28.0,37.2,22.5,29.4,6.42,22.8,9.35,15.7,24.7,26.8,24.8,33.3,30.6,40.6,34.7
95,49.2,43.4,28.1,42.9,27.6,28.8,6.98,24.1,12.8,16.4,30.1,30.1,29.5,36.8,37.8,46.2,42.3
96,47.3,43.0,25.3,41.5,27.2,27.7,6.90,24.3,10.5,15.9,27.8,29.8,29.3,34.3,35.1,44.3,39.0
97,55.0,45.1,28.7,42.5,27.8,28.0,6.22,20.4,9.92,17.3,22.9,30.1,29.3,41.4,34.6,48.3,41.9
98,55.6,44.3,34.7,44.1,31.3,30.5,6.47,26.5,12.9,17.5,30.4,25.4,28.4,39.9,33.7,46.7,36.0
99,55.4,46.4,30.1,45.1,28.5,30.4,7.24,30.1,13.5,17.5,31.2,31.5,31.0,35.4,37.2,48.3,41.7
100,64.5,48.9,36.6,48.0,25.0,33.1,7.03,33.8,14.6,19.4,33.0,36.0,31.0,41.0,40.5,47.9,44.6
101,56.3,43.5,33.7,44.0,22.6,30.9,6.97,26.3,14.4,17.7,31.8,33.4,29.2,42.5,35.7,48.0,38.4
102,48.5,41.4,30.0,41.2,26.6,28.5,6.56,25.0,13.0,15.6,27.6,24.9,28.8,33.4,34.9,40.4,38.0
103,47.6,39.7,31.0,41.8,22.8,26.0,6.77,22.5,8.48,16.3,26.0,27.1,25.9,33.3,30.6,41.3,33.9
104,53.7,42.4,32.2,42.3,29.7,29.1,6.47,24.0,9.68,19.5,28.3,23.1,30.1,34.9,36.4,42.0,39.8
105,50.3,39.7,26.4,41.2,24.9,26.9,6.15,21.6,7.74,19.2,20.1,19.4,27.8,40.8,34.6,46.0,37.7
106,55.1,42.2,29.0,41.5,28.6,28.4,6.82,23.1,9.11,15.7,23.7,21.0,30.0,38.1,36.5,42.4,39.9
107,42.5,38.7,24.3,34.1,28.5,24.7,6.36,23.7,11.1,17.3,21.7,21.8,26.9,39.7,32.9,47.4,36.8
108,49.2,41.1,31.8,41.3,29.3,28.1,7.19,24.7,13.8,19.0,28.2,23.4,26.3,35.7,35.5,39.6,40.0
109,48.4,42.2,34.4,43.7,31.2,29.4,6.57,32.1,12.7,18.1,33.2,28.1,26.4,39.3,34.5,48.0,40.0
110,60.6,44.5,35.0,48.2,26.8,32.7,7.75,24.9,12.1,18.8,30.4,23.9,29.8,39.6,35.4,51.8,41.3
111,54.8,43.0,31.8,43.0,26.0,28.7,8.00,22.9,10.2,20.2,21.9,20.8,29.4,48.6,35.3,46.9,41.2
112,54.6,42.9,31.2,43.8,26.3,28.8,6.57,27.3,13.8,19.4,28.4,21.3,29.2,34.6,35.2,41.4,41.1
113,52.7,39.5,29.6,40.8,25.6,26.1,7.38,24.2,13.5,20.0,26.8,21.9,25.6,33.5,32.6,36.1,38.0
114,53.5,40.9,30.2,41.2,26.5,29.4,7.28,27.4,10.9,18.6,26.5,19.8,26.6,34.3,35.7,43.1,40.1
115,60.9,42.9,33.0,45.1,28.9,31.1,7.51,32.0,13.5,22.0,32.0,21.7,28.4,35.5,34.0,41.7,42.4
116,61.8,45.9,32.2,46.3,28.6,32.0,9.48,31.8,14.0,19.1,31.4,22.5,36.0,38.1,40.2,46.2,46.2
117,61.3,47.3,32.8,46.5,27.3,32.7,8.91,31.4,12.0,22.8,30.2,21.6,33.5,36.4,37.9,43.1,45.5
118,63.8,47.4,32.5,45.8,29.8,31.7,8.44,31.5,11.9,20.8,32.0,21.5,29.6,38.6,35.9,47.9,42.3
119,65.1,49.0,31.1,50.0,34.9,34.1,7.78,33.7,16.6,19.2,33.5,31.4,31.6,42.7,37.8,52.7,44.2
120,66.5,50.4,34.5,49.2,32.0,34.3,8.43,34.1,15.1,23.1,34.4,23.4,33.4,41.3,39.8,50.3,46.6
121,66.4,50.4,36.5,49.4,31.0,35.5,8.54,34.3,13.9,18.3,34.3,26.3,33.1,44.2,39.6,51.1,46.3
122,68.1,52.8,34.6,50.2,31.9,36.3,8.72,36.7,15.1,21.3,35.1,26.5,32.9,42.2,37.2,52.0,45.7
123,67.3,53.5,41.4,52.2,31.5,36.9,8.78,35.7,17.3,21.9,36.4,29.1,33.7,49.4,40.8,56.3,43.3
124,68.4,50.5,35.8,54.4,28.0,36.6,9.38,37.0,15.9,26.6,36.0,24.2,32.7,41.9,39.1,51.7,47.4
125,67.5,50.6,39.3,49.2,27.9,37.3,7.68,35.6,19.6,21.0,35.6,27.7,34.0,39.7,40.7,45.9,48.7
126,67.3,50.4,38.0,49.8,35.1,36.7,9.30,35.7,17.4,20.1,35.9,28.4,33.1,47.3,40.3,52.2,45.4
127,64.6,50.5,43.6,50.1,30.2,36.4,9.71,36.7,18.0,22.2,39.4,32.4,33.5,47.5,41.1,52.6,46.1
128,66.6,52.1,42.2,54.0,26.5,37.8,9.65,36.9,18.5,22.1,36.6,32.9,33.8,46.1,41.0,55.0,46.5
129,69.2,53.5,44.5,52.0,28.1,38.1,9.25,39.5,18.0,22.5,39.9,34.7,34.0,49.1,39.5,56.3,46.9
130,68.5,52.4,41.9,52.2,25.2,37.0,9.28,36.5,17.4,22.2,35.6,30.0,33.6,46.4,41.6,53.5,46.2
131,65.4,53.5,39.3,55.6,30.5,38.4,9.94,37.1,20.3,26.1,40.1,38.0,34.5,52.3,39.7,60.3,47.0
132,68.3,56.4,43.2,55.0,29.2,38.2,8.91,38.6,19.8,25.1,39.6,32.4,38.5,47.7,44.9,52.6,50.6
133,66.9,54.2,38.5,55.1,30.6,38.1,9.12,36.7,19.6,23.9,39.6,38.5,34.3,43.1,37.8,52.6,44.4
134,68.7,54.5,43.9,53.6,27.5,38.3,9.35,35.9,20.0,23.1,39.0,32.1,36.0,48.3,44.8,54.9,51.2
135,66.6,52.8,37.1,51.5,26.2,36.5,8.74,34.6,15.3,18.8,35.6,35.3,36.6,47.6,44.7,53.5,49.6
136,71.1,56.0,44.9,58.9,30.2,38.3,9.09,40.7,20.8,24.9,41.7,37.5,34.8,53.2,39.8,59.9,44.8
137,62.2,55.0,34.4,52.3,27.1,36.4,9.78,39.5,18.8,18.4,33.7,37.4,31.3,47.3,37.8,52.6,46.6
138,68.4,52.9,41.9,52.5,29.7,38.1,8.85,35.7,21.4,22.5,39.4,37.9,36.1,49.5,42.3,53.6,49.4
139,68.9,57.2,39.3,57.6,30.6,39.6,9.77,43.5,20.2,28.5,41.4,38.4,35.3,54.4,39.9,58.4,47.4
140,50.5,45.7,30.3,39.6,25.6,28.7,7.30,30.2,14.0,16.1,29.4,21.1,29.8,37.2,36.5,44.8,42.2
141,62.8,48.3,33.8,47.0,33.4,35.6,9.13,34.9,18.0,21.3,32.5,25.3,30.2,40.0,38.5,51.4,44.1
142,64.8,55.4,35.2,49.6,37.4,35.7,9.36,32.4,15.0,20.3,35.7,24.6,35.9,48.2,42.4,51.4,48.8
143,71.2,57.4,44.8,51.7,35.9,38.9,10.2,39.3,17.8,22.5,39.5,28.4,36.4,52.2,47.0,54.9,54.4
144,71.4,55.9,44.3,54.0,42.2,40.1,10.2,39.1,20.5,22.3,40.8,27.8,36.6,53.5,42.0,58.4,49.5
145,70.3,65.0,45.0,54.3,33.2,43.2,9.15,38.2,18.8,21.8,39.4,32.5,41.6,55.0,47.3,62.1,54.9
146,57.3,57.6,36.1,52.4,43.6,38.6,8.25,35.9,18.4,20.6,38.5,34.8,32.9,53.0,39.5,59.4,44.7
147,54.4,52.0,33.3,47.4,23.1,32.6,8.11,32.3,15.8,17.0,33.4,31.1,34.4,46.6,41.2,51.7,46.4
148,53.8,49.0,34.1,46.6,26.2,32.6,9.18,32.6,17.1,18.2,35.4,31.1,30.6,44.6,36.4,50.8,41.2
149,62.0,54.0,33.2,50.6,31.7,35.7,8.38,36.9,16.9,20.7,37.8,36.7,31.3,48.1,43.5,51.5,50.4
150,47.2,52.8,30.6,46.8,28.3,31.7,7.90,30.2,14.0,17.0,33.9,32.0,34.1,50.8,42.8,54.2,48.3
151,51.4,49.8,31.5,48.0,37.6,32.5,8.02,29.3,16.6,18.4,31.4,29.6,28.6,53.2,37.9,55.4,42.2
152,53.3,54.3,37.7,49.5,40.1,34.1,8.24,33.6,16.6,20.3,33.4,26.4,36.3,51.9,41.7,56.4,47.9
153,59.6,54.8,35.2,50.8,27.5,35.4,8.70,36.4,17.1,20.0,37.3,33.6,34.2,49.8,41.1,53.5,45.8
154,63.7,52.7,39.5,52.2,31.5,39.7,8.52,38.7,18.1,21.6,39.2,41.2,33.4,51.9,40.6,55.8,48.2
155,64.6,57.8,40.2,53.9,42.0,39.4,8.86,38.9,18.9,21.6,40.8,32.1,34.8,52.2,41.3,57.2,49.3
156,63.9,57.6,39.6,56.7,44.9,40.6,8.98,41.5,19.9,21.7,42.1,39.6,36.4,54.2,43.1,58.1,51.0
157,62.9,55.1,39.2,53.9,40.9,38.3,8.35,40.1,22.3,24.3,40.6,29.6,34.6,50.9,41.6,54.9,47.6
158,64.4,54.5,39.0,53.6,39.9,38.4,8.74,39.3,20.7,24.0,41.4,29.0,34.7,52.4,41.2,57.4,49.6
159,61.3,55.8,38.8,51.9,43.0,38.3,8.92,39.0,20.5,23.3,39.8,34.9,34.2,52.1,44.5,54.2,52.6
160,70.3,60.3,53.2,61.0,45.3,43.3,12.8,41.4,22.8,31.0,43.7,34.2,38.5,59.1,41.7,63.0,53.0
161,72.4,63.4,59.8,61.2,46.3,45.1,19.1,44.6,22.0,31.6,43.6,31.2,39.7,57.4,44.0,63.1,54.4
162,70.4,59.8,56.8,63.0,47.2,43.8,17.6,41.9,21.2,29.6,42.8,46.6,39.6,60.2,45.4,64.3,54.8
163,75.4,64.0,63.4,65.8,43.4,45.7,19.2,43.5,20.9,32.0,45.5,49.1,41.5,61.2,44.3,65.5,52.6
164,74.1,59.9,55.1,63.5,47.0,46.3,16.5,43.2,21.6,29.7,42.2,44.1,41.7,58.0,45.4,64.5,55.3
165,70.4,59.5,60.4,61.8,48.1,43.2,21.8,40.8,21.3,30.0,41.8,41.6,40.5,59.1,46.9,63.7,54.5
166,73.7,59.8,58.4,61.8,45.3,45.9,21.1,38.3,19.1,29.3,41.3,47.2,38.9,62.4,47.3,63.3,55.3
167,81.1,65.8,63.2,64.7,46.4,46.2,32.7,47.4,23.4,38.3,46.6,48.2,42.0,64.6,46.6,65.7,56.2
168,71.5,61.2,46.0,60.1,38.1,42.3,27.4,42.7,23.6,32.5,42.5,46.5,37.1,55.3,45.0,58.2,49.6
169,69.9,58.1,47.0,57.7,44.2,42.4,19.5,38.2,19.6,25.6,40.7,49.0,36.7,61.1,44.1,62.2,51.3
170,67.8,61.9,43.6,56.9,35.3,41.2,24.4,41.3,22.5,28.8,38.8,43.0,37.4,54.7,48.3,57.5,55.9
171,72.7,63.0,47.3,61.6,54.2,44.7,27.3,46.0,22.9,34.1,42.6,45.8,40.3,62.6,49.2,64.8,56.7
172,71.4,61.6,46.1,60.3,45.8,46.4,27.5,46.4,27.6,35.6,42.2,53.1,40.4,58.1,47.3,64.4,54.2
173,70.1,61.2,61.0,62.1,50.5,43.8,20.4,43.9,26.1,32.5,42.9,44.5,39.7,60.2,47.1,65.0,54.1
174,70.4,60.1,46.7,61.4,46.3,43.5,27.1,44.2,26.6,35.7,43.4,37.9,38.6,55.4,46.6,58.4,53.6
175,71.9,65.7,65.3,62.5,54.7,44.8,24.1,41.6,22.1,37.9,44.4,53.6,41.0,65.7,48.6,66.7,53.0
176,59.6,53.3,37.0,50.4,35.0,35.8,20.2,36.5,18.3,25.4,34.9,28.1,34.8,49.0,41.3,51.9,47.0
177,90.5,95.8,41.2,84.7,45.6,71.3,22.2,66.4,20.0,30.1,64.4,29.1,81.1,68.6,85.9,71.7,97.0
178,57.2,54.6,34.2,50.0,40.0,33.9,17.1,33.6,16.0,26.2,33.2,25.9,31.0,48.4,38.5,55.5,43.9
179,63.6,55.2,36.0,52.0,43.9,37.1,17.5,40.2,22.9,29.0,38.6,28.7,38.5,52.1,43.7,57.4,49.3
180,63.1,54.7,38.3,51.6,42.7,35.9,17.7,36.5,16.6,27.3,35.1,29.3,32.8,51.5,40.8,58.6,47.5
181,56.2,55.4,34.8,49.9,33.2,33.7,22.1,33.7,18.1,26.5,32.9,28.0,37.0,45.3,41.8,49.4,49.3
182,65.8,54.7,38.2,53.7,38.4,37.7,25.3,38.4,19.0,29.3,36.5,29.3,33.4,47.4,40.0,53.2,48.0
183,65.9,57.3,40.1,57.2,45.5,39.2,25.4,41.2,22.1,34.3,37.4,32.8,36.8,53.8,44.5,55.5,53.0
184,80.4,69.3,41.6,67.8,39.3,51.6,23.7,53.8,32.4,29.6,50.6,32.7,47.8,68.0,55.5,68.8,66.1
185,63.9,58.5,41.9,54.6,43.9,37.7,24.0,40.9,18.9,27.4,36.8,29.7,34.1,54.9,40.7,55.5,48.3
186,68.1,71.4,40.5,63.4,31.9,50.9,25.2,46.9,22.9,37.2,42.2,44.3,45.1,53.5,52.4,59.0,61.2
187,62.0,56.8,45.6,56.6,33.6,38.9,24.7,40.6,20.4,35.5,36.6,40.3,34.1,54.9,41.1,57.7,50.6
188,66.4,61.1,39.8,58.0,33.0,41.7,24.8,41.0,17.9,36.3,38.2,49.8,37.6,56.2,40.6,64.7,48.0
189,58.6,54.3,37.8,52.0,26.4,35.7,18.2,36.5,17.2,33.5,34.7,31.7,29.6,46.4,33.9,51.5,41.4
190,59.4,53.7,35.0,53.1,27.2,33.6,23.4,35.0,17.2,27.4,33.3,31.6,30.1,40.3,35.8,50.5,47.2
191,57.8,53.9,43.8,51.8,24.2,32.5,21.9,36.5,15.6,31.7,34.4,31.8,30.4,48.2,35.1,54.2,41.6
192,53.5,52.6,43.1,51.1,26.9,32.8,21.1,32.7,14.1,24.0,34.3,39.5,33.4,54.8,36.5,55.3,42.5
193,55.0,51.7,35.9,51.1,26.9,32.0,22.0,36.4,16.1,29.3,34.1,36.5,33.0,47.7,36.9,53.5,48.1
194,60.5,54.7,34.7,53.5,25.2,35.1,25.2,35.3,15.6,35.6,36.1,41.6,32.2,52.4,36.6,59.1,44.7
195,59.8,52.5,38.2,51.5,28.8,33.9,22.4,34.8,16.9,26.2,34.6,37.4,31.6,47.3,35.7,55.3,42.1
196,62.6,61.7,38.2,54.1,27.6,38.4,23.6,38.4,18.6,35.5,36.8,39.7,39.2,49.5,50.1,53.9,52.7
197,58.0,52.4,34.4,51.5,27.4,33.6,20.5,33.9,14.7,27.2,33.7,31.3,26.4,45.0,29.0,52.0,37.9
198,61.6,55.8,39.0,57.9,28.4,36.2,21.0,37.7,19.4,36.0,38.0,41.0,31.7,49.1,36.5,55.5,43.8
199,69.8,57.9,38.2,60.0,33.7,41.1,24.2,39.1,21.1,36.1,39.1,48.9,34.6,56.3,37.7,57.8,45.2
200,66.7,57.6,38.4,59.5,28.7,38.4,24.4,36.7,16.8,30.5,38.9,46.7,32.3,56.4,35.1,57.4,43.5
201,69.1,56.6,38.2,58.2,33.8,37.7,23.0,39.5,20.0,36.7,38.2,40.8,32.7,55.6,36.5,58.3,45.5
202,55.9,52.8,30.2,53.5,31.7,32.4,23.3,35.2,16.8,31.3,33.9,38.2,31.5,42.4,34.3,53.3,43.7
203,52.2,51.1,29.3,52.5,34.2,31.4,21.4,33.1,16.0,27.4,32.9,39.4,32.4,39.4,36.8,54.9,47.9
204,54.7,52.9,32.4,53.9,39.5,33.2,22.3,30.2,11.5,25.7,31.0,46.3,27.3,54.8,31.6,57.6,38.0
205,60.3,54.2,29.2,57.9,34.9,36.1,24.6,35.8,15.1,28.7,36.4,47.4,29.2,55.5,33.2,59.6,42.7
206,62.0,56.1,33.6,57.9,31.1,36.5,24.1,40.0,15.5,33.9,37.0,41.6,30.6,55.6,34.9,58.2,42.9
207,57.1,52.8,34.3,54.3,33.7,32.0,21.7,36.6,18.8,27.0,36.0,45.3,34.8,49.7,36.3,57.6,46.5
208,54.0,51.7,29.8,54.5,30.3,30.0,22.7,34.5,13.9,27.8,30.7,33.3,30.2,47.9,32.5,53.4,40.4
209,55.0,53.4,33.4,56.0,36.1,33.7,20.7,35.0,14.8,27.5,32.3,39.1,28.9,53.5,32.2,56.9,39.4
210,56.3,52.1,38.7,54.1,28.8,31.8,21.0,35.7,16.2,26.0,33.8,38.3,25.6,53.0,31.3,58.1,37.5
211,57.8,51.1,38.5,51.5,25.6,30.6,19.9,34.5,15.1,25.3,33.9,37.3,31.6,47.5,35.4,56.3,44.7
212,54.8,52.2,36.9,50.8,26.3,35.3,19.6,28.4,14.6,21.9,32.2,36.2,32.2,47.6,36.8,55.1,45.7
213,56.3,51.9,36.6,51.3,25.6,30.5,21.8,35.3,14.5,25.2,34.0,34.9,25.8,47.4,30.0,55.2,35.8
214,54.4,49.2,44.3,51.7,27.0,29.8,19.9,35.1,16.0,26.3,33.7,32.6,29.0,48.0,34.9,55.6,43.9
215,53.3,53.1,42.2,54.4,24.2,37.0,19.9,27.8,13.3,25.0,31.6,37.0,32.2,49.2,38.2,56.3,46.3
216,50.4,50.9,40.2,50.4,23.1,31.3,20.4,22.4,10.5,23.2,27.3,30.8,29.4,50.2,35.4,54.4,43.4
217,54.1,47.0,39.2,48.1,23.6,26.6,19.5,21.5,12.9,23.7,29.7,34.8,25.4,52.8,31.3,55.8,33.4
218,57.2,53.7,47.2,58.0,34.2,32.6,19.9,31.1,14.5,24.1,34.6,47.2,27.9,58.2,34.0,59.6,37.1
219,50.1,50.1,43.6,52.6,25.9,28.1,19.9,31.8,14.7,25.7,31.9,31.8,29.9,47.0,36.2,56.1,42.7
220,55.0,51.5,39.9,53.8,24.7,32.5,20.2,23.0,11.3,24.0,30.1,38.4,29.7,49.6,36.8,55.9,44.2
221,54.5,51.3,43.6,53.7,31.5,29.5,21.0,18.4,10.2,21.6,31.4,47.2,32.0,55.3,39.1,56.6,45.7
222,53.3,50.0,41.8,49.3,26.4,33.4,17.8,23.2,12.6,22.2,30.1,36.8,29.7,51.4,36.0,56.1,43.3
223,52.4,52.6,38.8,51.6,29.1,32.2,20.9,23.6,14.2,21.4,30.7,40.4,29.6,52.5,37.7,55.6,45.3
224,40.6,49.8,32.9,50.0,26.2,25.8,20.9,26.8,13.3,27.0,29.9,41.0,27.3,43.5,35.4,52.3,36.1
225,55.8,54.2,34.2,57.2,32.1,32.5,23.0,29.0,12.2,28.3,34.5,42.4,31.6,57.6,37.6,60.8,44.9
226,56.7,51.5,41.2,51.9,26.4,31.6,21.6,30.1,13.7,25.3,28.7,29.5,28.9,42.5,37.3,50.6,44.5
227,50.3,49.5,42.3,49.6,25.1,27.8,19.3,21.6,11.2,24.8,28.4,28.1,28.7,51.0,35.4,56.8,42.5
228,52.6,55.5,44.0,59.4,23.9,35.8,21.2,30.0,18.7,21.7,36.1,36.4,33.0,55.4,41.7,61.5,51.1
229,51.9,56.7,35.3,56.9,25.0,32.6,21.9,33.2,17.1,24.8,35.5,33.5,33.9,39.3,40.8,54.7,47.3
230,48.1,46.7,39.1,50.9,25.8,26.1,20.7,26.8,14.5,24.4,27.0,27.3,24.4,36.1,32.3,46.1,41.9
231,51.7,48.0,42.1,52.6,23.7,29.6,22.5,20.7,14.0,22.3,28.3,30.6,29.2,47.4,36.8,54.1,45.6
232,49.8,48.5,35.9,45.5,25.2,26.7,20.9,27.2,12.5,23.9,26.1,31.4,24.0,36.9,29.1,55.9,35.7
233,50.0,52.0,32.5,47.7,25.1,32.5,19.9,29.3,10.9,24.9,25.9,30.9,31.4,36.3,35.4,48.6,43.2
234,48.4,46.8,32.7,45.2,25.0,30.1,17.5,27.0,14.9,24.1,27.1,28.8,25.7,38.0,32.4,45.8,42.9
235,51.2,47.7,32.4,52.4,22.6,32.1,20.7,26.8,13.7,23.3,27.8,30.7,29.2,45.0,34.9,52.7,42.6
236,51.4,48.6,34.8,50.4,24.1,28.3,20.9,25.5,14.4,21.4,26.4,31.0,28.7,40.6,36.1,52.7,44.6
237,49.1,45.9,33.4,51.8,23.8,27.4,21.2,18.9,13.0,21.5,28.6,30.4,27.4,45.0,34.9,57.0,40.1
238,46.2,47.0,35.6,44.3,22.9,29.3,15.1,25.9,12.4,23.0,25.1,25.5,27.6,34.6,35.3,42.2,43.8
239,45.6,47.1,31.7,45.0,26.0,32.3,19.7,26.6,13.6,23.6,26.1,30.5,28.1,36.3,33.5,48.5,42.2
240,60.6,59.5,41.6,65.4,32.0,34.8,28.3,38.8,16.8,29.9,37.7,47.7,31.9,56.7,40.5,65.2,43.9
241,59.1,58.0,49.9,63.1,31.1,38.1,26.9,38.9,22.0,30.9,38.0,36.6,35.3,46.0,43.3,58.4,51.3
242,63.6,60.1,38.7,62.5,29.2,37.4,26.6,38.3,19.5,34.1,38.6,43.0,36.9,42.0,44.1,59.4,53.1
243,58.5,58.9,42.5,62.1,28.5,33.1,30.3,38.1,20.7,29.6,38.3,40.9,35.1,46.2,39.7,59.6,45.5
244,41.0,49.0,30.8,41.0,25.2,24.8,21.2,22.6,10.6,24.9,23.0,34.3,27.6,30.8,34.0,48.1,43.2
245,56.6,53.4,34.7,50.2,26.6,36.3,28.3,24.9,12.7,25.5,29.5,38.6,31.5,51.6,39.5,56.4,47.6
246,46.0,54.0,33.8,48.5,27.5,33.7,25.6,28.7,14.1,27.2,28.9,42.8,31.1,49.3,39.5,55.2,46.7
247,51.0,57.3,35.5,53.2,28.1,37.5,26.0,32.3,14.7,30.3,30.6,41.7,31.9,37.3,38.1,54.5,42.3
248,51.5,52.4,41.8,55.2,30.0,26.7,27.6,32.3,14.4,26.6,30.4,36.0,29.2,36.8,34.7,54.6,42.5
249,56.9,53.6,45.2,57.2,30.3,31.4,27.5,35.1,18.0,30.2,34.2,42.1,29.7,36.7,34.9,53.9,36.8
250,58.0,51.7,48.0,52.6,30.1,35.6,24.3,28.5,14.8,25.6,31.7,34.2,31.7,51.6,38.6,59.6,45.1
251,46.0,49.3,35.7,52.9,29.3,32.6,27.2,26.6,12.9,25.8,29.0,42.5,30.4,50.6,38.3,59.2,43.5
252,52.0,51.6,38.4,59.8,30.1,30.5,28.0,27.8,15.2,25.5,31.1,41.0,28.3,54.4,36.0,60.0,40.6
253,44.8,53.5,51.4,57.2,30.5,37.1,28.5,30.6,15.4,24.7,32.5,35.7,31.0,56.7,38.8,57.7,39.9
254,44.3,49.9,42.7,60.3,30.5,27.4,28.7,31.5,15.5,26.3,32.0,38.9,26.5,54.6,31.9,56.3,33.7
255,50.8,58.5,51.3,55.8,32.0,42.0,29.5,32.6,17.4,26.9,35.1,50.3,36.0,55.6,44.6,60.7,53.1
256,46.1,53.8,51.3,53.5,31.7,30.6,27.1,33.2,15.7,24.2,33.8,48.3,31.7,39.2,38.9,60.5,46.3
257,37.6,41.5,38.9,50.8,27.7,27.2,22.0,24.2,10.4,20.8,21.0,31.4,22.1,45.7,28.1,54.9,28.1
258,40.2,42.2,31.5,44.4,26.2,31.0,23.8,24.1,12.0,21.1,24.4,34.9,27.0,45.7,32.6,54.1,39.6
259,38.8,41.5,33.3,42.6,26.9,29.8,22.3,24.4,13.0,23.8,25.7,30.7,25.4,39.5,32.4,48.9,41.9
260,38.9,48.1,30.8,44.5,27.0,32.7,24.7,22.7,12.8,22.2,24.9,37.9,30.6,44.7,38.7,53.4,46.9
261,38.3,47.1,34.2,46.6,27.2,32.3,23.4,22.6,10.8,24.3,23.9,32.6,28.2,45.3,33.6,56.9,40.7
262,41.0,49.3,33.4,44.0,27.0,32.1,20.9,25.7,13.2,23.1,27.5,37.6,30.2,44.1,36.4,52.7,44.4
263,39.3,49.9,34.9,49.1,31.6,35.0,25.6,22.7,11.7,26.0,27.6,31.9,32.6,48.3,36.7,57.2,44.3
264,45.4,52.7,35.4,56.7,30.0,32.3,25.0,28.2,13.7,23.4,28.6,43.7,32.2,52.4,37.6,59.5,46.4
265,39.2,46.0,35.2,49.7,28.3,22.7,24.3,26.7,11.0,24.1,26.9,31.6,23.4,34.4,28.2,49.5,31.2
266,37.3,44.9,34.7,43.9,29.5,31.9,20.9,24.5,12.6,21.4,26.0,34.0,29.6,42.1,35.2,52.1,43.9
267,35.6,38.3,37.1,45.6,26.1,29.2,17.3,23.6,11.7,19.8,25.7,29.5,27.6,37.5,32.5,49.9,40.4
268,37.9,44.6,38.4,46.2,29.6,31.0,24.4,24.2,12.2,22.2,26.3,31.7,27.3,47.3,33.4,52.3,42.3
269,34.4,48.6,37.7,47.8,28.8,33.6,16.7,28.3,15.9,19.6,28.3,37.1,31.0,50.0,36.2,55.2,43.7
270,37.7,46.1,39.6,46.0,29.8,32.1,24.9,27.4,12.5,21.8,27.5,32.4,29.4,47.6,34.3,54.5,42.1
271,37.8,51.5,40.2,53.6,29.2,35.4,26.1,27.2,11.9,22.7,28.8,34.2,31.8,53.1,36.3,54.0,43.8
272,43.8,52.4,41.2,53.8,29.9,31.7,25.8,29.9,14.1,22.3,31.6,43.2,30.5,55.2,35.5,60.8,35.0
273,50.5,55.9,46.1,58.9,31.5,33.0,28.0,31.9,15.1,25.4,31.4,32.1,36.8,55.4,42.9,60.1,53.4
274,48.8,54.9,42.5,62.2,31.7,33.2,28.9,28.9,16.1,25.8,33.3,52.6,32.6,59.1,38.3,61.9,46.0
275,52.4,57.5,45.4,58.6,30.8,37.6,24.7,32.5,18.0,26.2,32.2,42.5,31.1,34.8,37.1,56.6,41.0
276,45.6,53.7,36.0,57.7,29.8,28.8,28.0,28.9,12.4,26.2,28.9,46.0,28.2,57.7,34.3,59.8,35.7
277,48.2,51.1,36.7,56.9,30.9,29.6,26.3,26.7,14.7,26.9,31.6,44.7,27.6,55.4,34.1,60.6,35.8
278,49.6,54.9,36.9,54.6,29.3,31.4,26.7,33.2,16.3,29.0,32.4,40.0,30.9,47.4,39.9,53.2,49.0
279,50.0,54.6,37.0,58.5,30.2,32.2,27.1,32.0,16.4,29.1,32.8,41.1,29.5,48.1,34.8,59.8,38.3
280,51.7,55.0,42.3,55.3,29.3,31.5,23.8,31.0,14.3,27.4,31.1,32.7,30.4,47.1,37.4,56.2,42.9
281,48.8,53.4,38.2,50.4,28.1,33.2,25.1,30.3,12.5,23.0,30.3,43.0,30.0,55.0,36.9,58.2,34.3
282,48.6,50.4,37.5,55.2,29.4,30.7,26.0,33.3,14.9,25.5,31.2,44.5,27.3,47.5,34.0,58.6,35.0
283,50.7,53.6,37.8,56.0,29.3,31.3,26.8,34.0,15.2,29.6,31.1,39.9,30.6,37.6,37.2,51.7,45.4
284,50.2,53.5,39.6,54.6,30.0,33.9,26.3,34.2,15.2,27.6,32.1,33.9,31.5,48.3,38.8,52.4,47.5
285,59.2,54.1,47.3,57.6,30.8,34.8,26.0,34.1,16.5,29.1,34.0,32.2,32.1,39.9,39.4,55.6,47.8
286,59.3,55.1,42.2,59.9,30.9,37.7,26.8,32.9,17.4,25.8,32.6,37.4,33.8,55.1,42.0,58.3,50.7
287,50.8,56.5,37.2,60.4,29.8,38.8,26.8,35.0,15.7,27.2,33.0,45.0,34.8,49.6,43.2,60.3,51.6
288,49.7,56.8,35.6,57.4,29.5,32.6,25.3,33.7,15.9,28.4,32.8,32.2,27.8,43.1,34.6,54.2,38.0
289,40.2,43.2,29.6,40.7,25.4,22.4,17.9,20.2,11.9,19.4,21.3,27.7,20.0,32.6,28.3,40.0,35.5
290,49.4,51.6,34.4,49.4,28.0,28.7,24.1,30.7,14.6,27.3,28.5,35.9,25.7,34.8,33.7,51.7,31.4
291,51.7,47.9,41.9,57.6,27.7,27.4,24.8,25.0,16.2,22.4,29.3,32.3,25.3,52.9,31.7,57.7,33.7
292,43.3,55.9,35.4,51.8,28.6,33.2,22.3,29.5,16.1,28.1,30.4,37.5,30.8,45.0,39.0,52.5,46.1
293,40.4,43.7,31.4,44.7,26.1,27.6,18.8,20.7,11.3,22.4,22.8,34.9,22.4,39.5,30.9,53.9,28.1
294,46.8,43.3,32.3,47.9,27.0,23.0,19.7,24.0,14.7,23.9,25.7,29.5,19.5,38.3,27.6,51.9,31.1
295,45.3,48.5,34.9,51.2,27.5,28.3,22.2,28.3,13.9,28.2,28.4,31.6,24.5,39.0,33.0,48.9,33.2
296,47.6,50.7,33.7,53.4,28.0,29.5,22.8,26.0,17.2,26.0,29.1,34.5,26.4,47.6,35.4,55.3,33.5
297,51.5,53.5,37.6,56.8,32.3,28.9,27.7,30.1,16.7,27.7,31.9,44.9,27.4,53.9,35.9,57.9,35.7
298,60.1,54.4,52.0,58.8,29.4,32.0,28.2,30.4,20.6,30.4,33.8,33.7,30.4,55.8,37.6,60.9,37.9
299,56.6,54.1,36.4,58.0,29.9,30.6,27.8,30.8,19.8,30.8,32.8,40.3,28.8,54.8,36.3,57.6,38.4
300,58.8,53.8,36.0,56.7,31.6,32.3,28.0,31.0,18.7,32.7,32.7,37.7,27.0,40.6,36.9,55.1,37.6
